,start_time,end_time
0,17.657197373723005,25.482079847037536
