,start_time,end_time
0,15.344728132387708,19.55663627152989
