,start_time,end_time
0,18.159140337616527,27.08773566569485
