,start_time,end_time
0,19.260952517965897,25.981796384213304
