,start_time,end_time
0,8.43778580876795,11.551121976568403
