,start_time,end_time
0,22.9743242709395,26.284665039070216
