,start_time,end_time
0,97.98633816425122,101.48933356994972
