,start_time,end_time
0,4.1037002070393385,11.91048391994479
