,start_time,end_time
0,4.11197425997426,10.830790954219525
