,start_time,end_time
0,7.228627450980393,12.74980392156863
