,start_time,end_time
0,4.126031746031747,7.3452456538170825
