,start_time,end_time
0,27.279290780141842,30.889456264775415
