,start_time,end_time
0,6.118007429922325,9.327011144883487
