,start_time,end_time
0,11.147331917905166,14.260010110201193
