,start_time,end_time
0,2.2063718820861675,6.718561569555358
