,start_time,end_time
0,42.437442571231394,45.7402617765947
