,start_time,end_time
0,22.874001121935414,26.18434189006613
