,start_time,end_time
0,21.268830737870058,26.18434189006613
