,start_time,end_time
0,0.3045192224472486,6.775696975991415
