,start_time,end_time
0,4.11197425997426,8.022808114236685
