,start_time,end_time
0,15.182445351473921,18.29871746031746
