,start_time,end_time
0,16.94937521107734,20.058088483620402
