,start_time,end_time
0,1.5086784580498864,5.127662585034013
