,start_time,end_time
0,12.151557982003842,15.264236174299867
