,start_time,end_time
0,9.042050844242079,12.15591375992628
