,start_time,end_time
0,19.6636603538047,27.087250231102892
