,start_time,end_time
0,2.7231515473973573,6.6545715045794855
