,start_time,end_time
0,4.82088888888889,8.435809523809525
