,start_time,end_time
0,2.1063897331982435,5.315393448159406
