,start_time,end_time
0,18.980997732426303,22.19421315192744
