,start_time,end_time
0,34.8982617211409,39.00952380952381
