,start_time,end_time
0,14.753179836036978,21.075457875457875
