,start_time,end_time
0,6.218297872340426,9.52759202971969
