,start_time,end_time
0,1.40435663627153,6.2180074299223245
