,start_time,end_time
0,1.613867791842475,6.35139240506329
