,start_time,end_time
0,2.7124470899470894,5.825783257747543
