,start_time,end_time
0,12.851658266545485,19.07608581894296
