,start_time,end_time
0,7.233733094831559,11.85452746835786
