,start_time,end_time
0,10.128718325376424,22.463067694944304
