,start_time,end_time
0,22.9743242709395,27.087250231102892
