,start_time,end_time
0,8.335809523809525,19.18142403628118
