,start_time,end_time
0,4.921130320493378,8.033808512789404
