,start_time,end_time
0,2.106094843734595,5.4149600709849155
