,start_time,end_time
0,39.36778208804183,45.57827626918536
