,start_time,end_time
0,8.66218521764534,13.092920440159705
