,start_time,end_time
0,4.427891156462586,10.46445956160242
