,start_time,end_time
0,15.7610305731488,18.973004926108374
