,start_time,end_time
0,2.2063718820861675,5.4149600709849155
