,start_time,end_time
0,9.940045167864717,17.770879947120548
