,start_time,end_time
0,6.229112122936824,11.85452746835786
