,start_time,end_time
0,1.305407772304324,4.41699585581359
