,start_time,end_time
0,2.4023260676389104,6.105675605038942
