,start_time,end_time
0,10.066043932991699,13.185660942791213
