,start_time,end_time
0,9.828753799392098,12.937467071935156
