,start_time,end_time
0,19.764339488176223,26.485785984234962
