,start_time,end_time
0,27.27686375321337,33.69460154241646
