,start_time,end_time
0,14.942765214193784,18.552743764172334
