,start_time,end_time
0,6.052562358276644,9.682721088435374
