,start_time,end_time
0,23.36588321704003,29.382494797404828
