,start_time,end_time
0,6.625880053170694,10.038626945030886
