,start_time,end_time
0,2.51004300570803,6.223948705919149
