,start_time,end_time
0,13.108316168180494,17.039736125362623
