,start_time,end_time
0,12.861395948714058,15.97567407632198
