,start_time,end_time
0,20.279607843137256,23.893333333333334
