,start_time,end_time
0,0.10085260770975057,4.920888888888889
