,start_time,end_time
0,6.14054182025233,9.964736132338397
