,start_time,end_time
0,8.66218521764534,13.395064758009545
