,start_time,end_time
0,3.8111189556903837,7.120242201385057
