,start_time,end_time
0,1.4041555752735875,5.4149600709849155
