,start_time,end_time
0,22.9743242709395,26.485311337078386
