,start_time,end_time
0,0.30190375034772277,3.7176096907164355
