,start_time,end_time
0,7.561997187060478,12.60196905766526
