,start_time,end_time
0,2.9133361678004532,6.026672335600907
