,start_time,end_time
0,11.448599737134769,14.561277929430796
