,start_time,end_time
0,20.178026428962387,23.289614512471655
