,start_time,end_time
0,11.81048391994479,20.117708133688257
