,start_time,end_time
0,13.975936507936508,17.092208616780045
