,start_time,end_time
0,28.162130348913756,35.37777309633531
