,start_time,end_time
0,14.93304805793285,19.542962475312706
