,start_time,end_time
0,9.227011144883486,12.937467071935156
