,start_time,end_time
0,0.6019392684610075,3.7102504190081826
