,start_time,end_time
0,9.663428331685097,13.185660942791213
