,start_time,end_time
0,6.271177753544166,9.506201727510343
