,start_time,end_time
0,14.177021315192743,17.29329342403628
